{"Hidden":[[[-4.2747135,1.9608655,4.4035044,-3.7406082,4.2512255,-2.6031692,-1.2060126],[-2.2420754,-3.0441566,-2.967728,-1.1477697,-0.742868,-2.1185775,2.754573],[0.48406088,1.1336734,-4.6422586,0.09730341,-0.62659734,-3.2635095,4.941952],[-4.100311,-0.9449328,-0.075246565,0.9613305,1.4593881,-2.1556976,0.7085878],[1.058951,-2.2005997,0.66235864,-3.4328187,-0.18893538,-0.72446597,-1.7398609],[-1.2645197,-4.6741424,-3.7193694,-0.44103318,-3.7988837,0.6948577,-1.913062],[2.4682624,0.7251386,0.59063894,-3.883296,-3.7662635,-0.687135,-0.08393371],[0.93474686,-0.9765168,0.72703874,4.634232,-2.4523733,-3.9290853,3.6346877]]],"Bias":[[-3.433092,-3.7998533,-1.5275486,4.069021,-2.2634983,-0.46602863,2.7680557,-3.813518],[-4.1527324,4.3330965,2.868754,-4.806045]],"Output":[[-0.38759378,-3.7055087,-0.89904267,2.6100154,2.4693315,-4.967484,-4.4908915,1.855029],[-4.1435423,-2.1148064,-2.3191135,-0.31000233,-0.45095074,3.3993182,-1.2233448,3.2948496],[-1.4326898,-2.0646288,4.44325,0.5841918,-4.842879,-4.1107817,-3.9415607,2.2415047],[-3.182972,-3.1729944,-4.0551453,-3.1836762,-0.08267598,0.1646813,3.5823033,-4.3297434]]}