{"Hidden":[[[-2.8001409,1.8402115,-1.7925897,1.6336899,-3.6631296,2.6894836,4.1083584,-4.840899,1.218975],[-3.2166967,3.5573792,-0.8514582,-0.19185686,0.5587994,0.107792005,-2.0134017,2.5640633,-1.8466618],[-4.2998776,1.0186454,-4.919479,-0.23245527,-0.9802839,-0.27210972,1.8835652,0.74520284,0.67519724],[2.7787075,-1.6432956,3.0599926,3.9392598,-0.4544269,-0.26755118,2.1620607,-2.005417,-2.890052],[4.0776687,2.5623286,-2.7434108,0.29293966,0.9551838,-0.54833156,2.1106765,4.7621293,1.5137779],[3.2101996,3.0540433,-0.612854,3.5571165,0.33115798,0.62376314,4.9682817,1.5531648,-4.1236033],[-3.1880827,2.5780017,-2.5816216,-1.8588216,-2.9532063,1.6730398,3.2411284,-4.782838,0.9913042],[3.8723443,-4.3261595,-4.2697287,4.916165,1.7939302,-0.6156853,2.7441864,-1.6017461,-2.5416336],[0.043059193,-3.4565375,-0.2522614,-4.6589217,-1.340013,-3.9404175,4.7510653,-0.994586,4.85318],[-3.7119489,3.9156606,0.34414378,1.4707359,0.8041339,3.735683,4.818289,-0.8221833,-4.869134],[-4.315664,4.5874186,-2.7982776,-0.6104041,-2.0764618,2.7363293,-1.4870948,4.9485574,4.5252004],[-1.9859949,-4.300893,-0.39032263,-4.0666924,1.5606444,-3.4099455,2.3969803,-3.5989292,-1.5538771]]],"Bias":[[-0.9771374,2.9665806,-4.049129,2.74635,1.6561356,3.4023533,-3.5282564,3.0509665,4.3550997,-2.1224177,4.0437093,-1.0334945],[1.8078513,4.45956,-0.3063201,-3.1898272,4.6524034,4.756452]],"Output":[[-1.9228346,0.8220595,-3.5273771,4.2480206,-0.63838196,4.1669555,0.92322254,-1.7128807,1.8931777,-4.323702,-1.9829419,-1.7422535],[-4.0158653,-3.4573073,-0.5573174,1.2570657,-0.9870356,-3.4398074,2.0538354,-2.4395754,3.2615614,-3.6280391,2.6371377,3.447],[-3.0240948,-3.4197493,4.317078,-1.0111643,2.359186,-1.4330134,2.45551,0.89842695,1.7943499,-2.2350972,-4.325248,3.0716803],[1.3616344,-0.050911073,-2.118456,0.8710242,2.2862,1.001596,0.36459333,4.1663666,0.3151911,-1.3064498,-0.12143548,1.4861954],[4.055713,4.2664447,-3.7895668,-0.909512,-1.9895864,3.3455534,2.7529092,4.932165,2.208813,-1.7862717,3.4153647,-1.2643523],[0.72540814,-3.4726198,-3.7675352,-3.4577665,-3.5095239,-0.11920271,-4.9237223,-4.4407916,4.1899414,-1.7359748,-0.34514084,2.6335032]]}