{"Hidden":[[[0.6631319,4.6763096,-4.6807966,1.0936313,-3.6814654],[-1.8813411,-2.5471811,-2.2403998,-1.1484722,1.3286377],[1.9183482,-4.027704,0.0698111,3.335308,1.5426205],[-0.92531854,0.09480988,4.9640555,-0.5711765,-2.3942518],[-2.4298103,4.5630107,-4.8838205,-2.0097244,-3.4444053],[-3.502251,2.4327126,0.53120637,2.87385,-1.873203],[2.3640072,-3.705855,-0.08740312,-3.9175036,-1.3982177],[3.1068916,-0.15720733,-3.4259424,-0.74161047,4.276648]]],"Bias":[[-3.364459,2.1169417,0.8550616,-3.3507526,4.037897,0.49742815,-1.2327398,3.1930163],[-3.7938156,-4.455043]],"Output":[[0.5667288,-1.5266603,1.68366,-1.7765112,-3.8584564,2.5733654,2.083333,-1.2611172],[-1.234129,-2.8445346,1.2921765,1.3680463,1.832479,-1.4319453,-4.7242966,-4.131452]]}